Recipe Name,Product,Amount,ProducedIn,Power,Ing1,Am1,Ing2,Am2,Ing3,Am3,Ing4,Am4,Ing5,Am5
Iron Miner,Iron Ore,1,Miner,0.13885884907709,,,,,,,,,,
FICSMAS Gift Tree,FICSMAS Gift,15,Gifting Tree,0,,,,,,,,,,
Limestone Miner,Limestone,1,Miner,0.178427833753922,,,,,,,,,,
Copper Ore Miner,Copper Ore,1,Miner,0.374626985700751,,,,,,,,,,
Coal Miner,Coal,1,Miner,0.321366094931509,,,,,,,,,,
Water Extractor,Water,1,Water Extractor,0.166666666666667,,,,,,,,,,
Caterium Ore Miner,Caterium Ore,1,Miner,0.700737733333333,,,,,,,,,,
Bauxite Miner,Bauxite,1,Miner,1.04214416022209,,,,,,,,,,
Nitrogen Gas Well,Nitrogen Gas,1,Node Pressurizer,1.93279525,,,,,,,,,,
Sulfur Miner,Sulfur,1,Miner,1.27221810699589,,,,,,,,,,
Raw Quartz Miner,Raw Quartz,1,Miner,0.865108312757202,,,,,,,,,,
SAM Miner,SAM,1,Miner,1.69372289504037,,,,,,,,,,
Crude Oil Extractor + Well,Crude Oil,1,Oil extractor/well,2.92184871504157,,,,,,,,,,
Uranium Miner,Uranium,1,Miner,10.5152721088435,,,,,,,,,,
Actual Snow,Actual Snow,10,Constructor,4,FICSMAS Gift,25,,,,,,,,
Adaptive Control Unit,Adaptive Control Unit,1,Manufacturer,55,Automated Wiring,5,Circuit Board,5,Heavy Modular Frame,1,Computer,2,,
AI Expansion Server,AI Expansion Server,4,Quantum Encoder,1000,Magnetic Field Generator,4,Neural-Quantum Processor,4,Superposition Oscillator,4,Excited Photonic Matter,100,Dark Matter Residue,-100
Alternate: Plastic AI Limiter,AI Limiter,8,Assembler,15,Quickwire,120,Plastic,28,,,,,,
AI Limiter,AI Limiter,5,Assembler,15,Copper Sheet,25,Quickwire,100,,,,,,
Alclad Aluminum Sheet,Alclad Aluminum Sheet,30,Assembler,15,Aluminum Ingot,30,Copper Ingot,10,,,,,,
Alien Power Matrix,Alien Power Matrix,2.5,Quantum Encoder,1000,SAM Fluctuator,12.5,Power Shard,7.5,Superposition Oscillator,7.5,Excited Photonic Matter,60,Dark Matter Residue,-60
Alumina Solution,Alumina Solution,120,Refinery,30,Bauxite,120,Water,180,Silica,-50,,,,
Alternate: Sloppy Alumina,Alumina Solution,240,Refinery,30,Bauxite,200,Water,200,,,,,,
Aluminum Casing,Aluminum Casing,60,Constructor,4,Aluminum Ingot,90,,,,,,,,
Alternate: Alclad Casing,Aluminum Casing,112.5,Assembler,15,Aluminum Ingot,150,Copper Ingot,75,,,,,,
Aluminum Ingot,Aluminum Ingot,60,Foundry,16,Aluminum Scrap,90,Silica,75,,,,,,
Alternate: Pure Aluminum Ingot,Aluminum Ingot,30,Smelter,4,Aluminum Scrap,60,,,,,,,,
Aluminum Scrap,Aluminum Scrap,360,Refinery,30,Alumina Solution,240,Coal,120,Water,-120,,,,
Alternate: Instant Scrap,Aluminum Scrap,300,Blender,75,Bauxite,150,Coal,100,Sulfuric Acid,50,Water,60,Water,-50
Alternate: Electrode Aluminum Scrap,Aluminum Scrap,300,Refinery,30,Alumina Solution,180,Petroleum Coke,60,Water,-105,,,,
Assembly Director System,Assembly Director System,0.75,Assembler,15,Adaptive Control Unit,1.5,Supercomputer,0.75,,,,,,
Automated Wiring,Automated Wiring,2.5,Assembler,15,Stator,2.5,Cable,50,,,,,,
Alternate: Automated Speed Wiring,Automated Wiring,7.5,Manufacturer,55,Stator,3.75,Wire,75,High-Speed Connector,1.875,,,,
Ballistic Warp Drive,Ballistic Warp Drive,1,Manufacturer,55,Thermal Propulsion Rocket,1,Singularity Cell,5,Superposition Oscillator,2,Dark Matter Crystal,40,,
Battery,Battery,20,Blender,75,Sulfuric Acid,50,Alumina Solution,40,Aluminum Casing,20,Water,-30,,
Alternate: Classic Battery,Battery,30,Manufacturer,55,Sulfur,45,Alclad Aluminum Sheet,52.5,Plastic,60,Wire,90,,
Bauxite (Copper),Bauxite,120,Converter,250,Reanimated SAM,10,Copper Ore,180,,,,,,
Bauxite (Caterium),Bauxite,120,Converter,250,Reanimated SAM,10,Caterium Ore,150,,,,,,
Biochemical Sculptor,Biochemical Sculptor,2,Blender,75,Assembly Director System,0.5,Ficsite Trigon,40,Water,10,,,,
Black Powder,Black Powder,30,Assembler,15,Coal,15,Sulfur,15,,,,,,
Alternate: Fine Black Powder,Black Powder,45,Assembler,15,Sulfur,7.5,Compacted Coal,15,,,,,,
Blue FICSMAS Ornament,Blue FICSMAS Ornament,10,Smelter,4,FICSMAS Gift,5,,,,,,,,
Cable,Cable,30,Constructor,4,Wire,60,,,,,,,,
Alternate: Quickwire Cable,Cable,27.5,Assembler,15,Quickwire,7.5,Rubber,5,,,,,,
Alternate: Insulated Cable,Cable,100,Assembler,15,Wire,45,Rubber,30,,,,,,
Alternate: Coated Cable,Cable,67.5,Refinery,30,Wire,37.5,Heavy Oil Residue,15,,,,,,
Candy Cane,Candy Cane,5,Constructor,4,FICSMAS Gift,15,,,,,,,,
Caterium Ingot,Caterium Ingot,15,Smelter,4,Caterium Ore,45,,,,,,,,
Alternate: Tempered Caterium Ingot,Caterium Ingot,22.5,Foundry,16,Caterium Ore,45,Petroleum Coke,15,,,,,,
Alternate: Pure Caterium Ingot,Caterium Ingot,12,Refinery,30,Caterium Ore,24,Water,24,,,,,,
Alternate: Leached Caterium Ingot,Caterium Ingot,36,Refinery,30,Caterium Ore,54,Sulfuric Acid,30,,,,,,
Caterium Ore (Quartz),Caterium Ore,120,Converter,250,Reanimated SAM,10,Raw Quartz,120,,,,,,
Caterium Ore (Copper),Caterium Ore,120,Converter,250,Reanimated SAM,10,Copper Ore,150,,,,,,
Circuit Board,Circuit Board,7.5,Assembler,15,Copper Sheet,15,Plastic,30,,,,,,
Alternate: Silicon Circuit Board,Circuit Board,12.5,Assembler,15,Copper Sheet,27.5,Silica,27.5,,,,,,
Alternate: Electrode Circuit Board,Circuit Board,5,Assembler,15,Rubber,20,Petroleum Coke,40,,,,,,
Alternate: Caterium Circuit Board,Circuit Board,8.75,Assembler,15,Plastic,12.5,Quickwire,37.5,,,,,,
Cluster Nobelisk,Cluster Nobelisk,2.5,Assembler,15,Nobelisk,7.5,Smokeless Powder,10,,,,,,
Coal (Limestone),Coal,120,Converter,250,Reanimated SAM,10,Limestone,360,,,,,,
Coal (Iron),Coal,120,Converter,250,Reanimated SAM,10,Iron Ore,180,,,,,,
Alternate: Compacted Coal,Compacted Coal,25,Assembler,15,Coal,25,Sulfur,25,,,,,,
Computer,Computer,2.5,Manufacturer,55,Circuit Board,10,Cable,20,Plastic,40,,,,
Alternate: Crystal Computer,Computer,3.33333333333333,Assembler,15,Circuit Board,5,Crystal Oscillator,1.66666666666667,,,,,,
Alternate: Caterium Computer,Computer,3.75,Manufacturer,55,Circuit Board,15,Quickwire,52.5,Rubber,22.5,,,,
Concrete,Concrete,15,Constructor,4,Limestone,45,,,,,,,,
Alternate: Wet Concrete,Concrete,80,Refinery,30,Limestone,120,Water,100,,,,,,
Alternate: Rubber Concrete,Concrete,90,Assembler,15,Limestone,100,Rubber,20,,,,,,
Alternate: Fine Concrete,Concrete,50,Assembler,15,Silica,15,Limestone,60,,,,,,
Cooling System,Cooling System,6,Blender,75,Heat Sink,12,Rubber,12,Water,30,Nitrogen Gas,150,,
Alternate: Cooling Device,Cooling System,5,Blender,75,Heat Sink,10,Motor,2.5,Nitrogen Gas,60,,,,
Copper FICSMAS Ornament,Copper FICSMAS Ornament,5,Foundry,16,Red FICSMAS Ornament,10,Copper Ingot,10,,,,,,
Copper Ingot,Copper Ingot,30,Smelter,4,Copper Ore,30,,,,,,,,
Alternate: Tempered Copper Ingot,Copper Ingot,60,Foundry,16,Copper Ore,25,Petroleum Coke,40,,,,,,
Alternate: Pure Copper Ingot,Copper Ingot,37.5,Refinery,30,Copper Ore,15,Water,10,,,,,,
Alternate: Leached Copper Ingot,Copper Ingot,110,Refinery,30,Copper Ore,45,Sulfuric Acid,25,,,,,,
Alternate: Copper Alloy Ingot,Copper Ingot,100,Foundry,16,Copper Ore,50,Iron Ore,50,,,,,,
Copper Ore (Sulfur),Copper Ore,120,Converter,250,Reanimated SAM,10,Sulfur,120,,,,,,
Copper Ore (Quartz),Copper Ore,120,Converter,250,Reanimated SAM,10,Raw Quartz,100,,,,,,
Copper Powder,Copper Powder,50,Constructor,4,Copper Ingot,300,,,,,,,,
Copper Sheet,Copper Sheet,10,Constructor,4,Copper Ingot,20,,,,,,,,
Alternate: Steamed Copper Sheet,Copper Sheet,22.5,Refinery,30,Copper Ingot,22.5,Water,22.5,,,,,,
Crystal Oscillator,Crystal Oscillator,1,Manufacturer,55,Quartz Crystal,18,Cable,14,Reinforced Iron Plate,2.5,,,,
Alternate: Insulated Crystal Oscillator,Crystal Oscillator,1.875,Manufacturer,55,Quartz Crystal,18.75,Rubber,13.125,AI Limiter,1.875,,,,
Dark Matter Crystal,Dark Matter Crystal,30,Particle Accelerator,1000,Diamonds,30,Dark Matter Residue,150,,,,,,
Alternate: Dark Matter Trap,Dark Matter Crystal,60,Particle Accelerator,1000,Time Crystal,30,Dark Matter Residue,150,,,,,,
Alternate: Dark Matter Crystallization,Dark Matter Crystal,20,Particle Accelerator,1000,Dark Matter Residue,200,,,,,,,,
Dark Matter Residue,Dark Matter Residue,100,Converter,250,Reanimated SAM,50,,,,,,,,
Diamonds,Diamonds,30,Particle Accelerator,500,Coal,600,,,,,,,,
Alternate: Turbo Diamonds,Diamonds,60,Particle Accelerator,500,Coal,600,Packaged Turbofuel,40,,,,,,
Alternate: Pink Diamonds,Diamonds,15,Converter,250,Coal,120,Quartz Crystal,45,,,,,,
Alternate: Petroleum Diamonds,Diamonds,30,Particle Accelerator,500,Petroleum Coke,720,,,,,,,,
Alternate: Oil-Based Diamonds,Diamonds,40,Particle Accelerator,500,Crude Oil,200,,,,,,,,
Alternate: Cloudy Diamonds,Diamonds,20,Particle Accelerator,500,Coal,240,Limestone,480,,,,,,
Electromagnetic Control Rod,Electromagnetic Control Rod,4,Assembler,15,Stator,6,AI Limiter,4,,,,,,
Alternate: Electromagnetic Connection Rod,Electromagnetic Control Rod,8,Assembler,15,Stator,8,High-Speed Connector,4,,,,,,
Empty Canister,Empty Canister,60,Constructor,4,Plastic,30,,,,,,,,
Alternate: Steel Canister,Empty Canister,40,Constructor,4,Steel Ingot,40,,,,,,,,
Alternate: Coated Iron Canister,Empty Canister,60,Assembler,15,Iron Plate,30,Copper Sheet,15,,,,,,
Empty Fluid Tank,Empty Fluid Tank,60,Constructor,4,Aluminum Ingot,60,,,,,,,,
Encased Industrial Beam,Encased Industrial Beam,6,Assembler,15,Steel Beam,18,Concrete,36,,,,,,
Alternate: Encased Industrial Pipe,Encased Industrial Beam,4,Assembler,15,Steel Pipe,24,Concrete,20,,,,,,
Encased Plutonium Cell,Encased Plutonium Cell,5,Assembler,15,Plutonium Pellet,10,Concrete,20,,,,,,
Alternate: Instant Plutonium Cell,Encased Plutonium Cell,10,Particle Accelerator,500,Non-Fissile Uranium,75,Aluminum Casing,10,,,,,,
Encased Uranium Cell,Encased Uranium Cell,25,Blender,75,Uranium,50,Concrete,15,Sulfuric Acid,40,Sulfuric Acid,-10,,
Alternate: Infused Uranium Cell,Encased Uranium Cell,20,Manufacturer,55,Uranium,25,Silica,15,Sulfur,25,Quickwire,75,,
Excited Photonic Matter,Excited Photonic Matter,200,Converter,250,,,,,,,,,,
Explosive Rebar,Explosive Rebar,5,Manufacturer,55,Iron Rebar,10,Smokeless Powder,10,Steel Pipe,10,,,,
Alternate: Polyester Fabric,Fabric,30,Refinery,30,Polymer Resin,30,Water,30,,,,,,
Fancy Fireworks,Fancy Fireworks,2.5,Assembler,15,FICSMAS Tree Branch,10,FICSMAS Bow,7.5,,,,,,
Ficsite Ingot (Iron),Ficsite Ingot,10,Converter,250,Reanimated SAM,40,Iron Ingot,240,,,,,,
Ficsite Ingot (Caterium),Ficsite Ingot,15,Converter,250,Reanimated SAM,45,Caterium Ingot,60,,,,,,
Ficsite Ingot (Aluminum),Ficsite Ingot,30,Converter,250,Reanimated SAM,60,Aluminum Ingot,120,,,,,,
Ficsite Trigon,Ficsite Trigon,30,Constructor,4,Ficsite Ingot,10,,,,,,,,
FICSMAS Bow,FICSMAS Bow,5,Constructor,4,FICSMAS Gift,10,,,,,,,,
FICSMAS Decoration,FICSMAS Decoration,2,Assembler,15,FICSMAS Tree Branch,15,FICSMAS Ornament Bundle,6,,,,,,
FICSMAS Ornament Bundle,FICSMAS Ornament Bundle,5,Assembler,15,Copper FICSMAS Ornament,5,Iron FICSMAS Ornament,5,,,,,,
FICSMAS Tree Branch,FICSMAS Tree Branch,10,Constructor,4,FICSMAS Gift,10,,,,,,,,
FICSMAS Wonder Star,FICSMAS Wonder Star,1,Assembler,15,FICSMAS Decoration,5,Candy Cane,20,,,,,,
Ficsonium,Ficsonium,10,Particle Accelerator,1000,Plutonium Waste,10,Singularity Cell,10,Dark Matter Residue,200,,,,
Ficsonium Fuel Rod,Ficsonium Fuel Rod,2.5,Quantum Encoder,1000,Ficsonium,5,Electromagnetic Control Rod,5,Ficsite Trigon,100,Excited Photonic Matter,50,Dark Matter Residue,-50
Residual Fuel,Fuel,40,Refinery,30,Heavy Oil Residue,60,,,,,,,,
Fuel,Fuel,40,Refinery,30,Crude Oil,60,Polymer Resin,-30,,,,,,
Alternate: Diluted Fuel,Fuel,100,Blender,75,Heavy Oil Residue,50,Water,100,,,,,,
Fused Modular Frame,Fused Modular Frame,1.5,Blender,75,Heavy Modular Frame,1.5,Aluminum Casing,75,Nitrogen Gas,37.5,,,,
Alternate: Heat-Fused Frame,Fused Modular Frame,3,Blender,75,Heavy Modular Frame,3,Aluminum Ingot,150,Nitric Acid,24,Fuel,30,,
Gas Filter,Gas Filter,7.5,Manufacturer,55,Fabric,15,Coal,30,Iron Plate,15,,,,
Heat Sink,Heat Sink,7.5,Assembler,15,Alclad Aluminum Sheet,37.5,Copper Sheet,22.5,,,,,,
Alternate: Heat Exchanger,Heat Sink,10,Assembler,15,Aluminum Casing,30,Rubber,30,,,,,,
Heavy Modular Frame,Heavy Modular Frame,2,Manufacturer,55,Modular Frame,10,Steel Pipe,40,Encased Industrial Beam,10,Screw,240,,
Alternate: Heavy Flexible Frame,Heavy Modular Frame,3.75,Manufacturer,55,Modular Frame,18.75,Encased Industrial Beam,11.25,Rubber,75,Screw,390,,
Alternate: Heavy Encased Frame,Heavy Modular Frame,2.8125,Manufacturer,55,Modular Frame,7.5,Encased Industrial Beam,9.375,Steel Pipe,33.75,Concrete,20.625,,
Alternate: Heavy Oil Residue,Heavy Oil Residue,40,Refinery,30,Crude Oil,30,Polymer Resin,-20,,,,,,
High-Speed Connector,High-Speed Connector,3.75,Manufacturer,55,Quickwire,210,Cable,37.5,Circuit Board,3.75,,,,
Alternate: Silicon High-Speed Connector,High-Speed Connector,3,Manufacturer,55,Quickwire,90,Silica,37.5,Circuit Board,3,,,,
Homing Rifle Ammo,Homing Rifle Ammo,25,Assembler,15,Rifle Ammo,50,High-Speed Connector,2.5,,,,,,
Iodine-Infused Filter,Iodine-Infused Filter,3.75,Manufacturer,55,Gas Filter,3.75,Quickwire,30,Aluminum Casing,3.75,,,,
Ionized Fuel,Ionized Fuel,40,Refinery,30,Rocket Fuel,40,Power Shard,2.5,Compacted Coal,-5,,,,
Alternate: Dark-Ion Fuel,Ionized Fuel,200,Converter,250,Packaged Rocket Fuel,240,Dark Matter Crystal,80,Compacted Coal,-40,,,,
Iron FICSMAS Ornament,Iron FICSMAS Ornament,5,Foundry,16,Blue FICSMAS Ornament,15,Iron Ingot,15,,,,,,
Iron Ingot,Iron Ingot,30,Smelter,4,Iron Ore,30,,,,,,,,
Alternate: Pure Iron Ingot,Iron Ingot,65,Refinery,30,Iron Ore,35,Water,20,,,,,,
Alternate: Leached Iron ingot,Iron Ingot,100,Refinery,30,Iron Ore,50,Sulfuric Acid,10,,,,,,
Alternate: Iron Alloy Ingot,Iron Ingot,75,Foundry,16,Iron Ore,40,Copper Ore,10,,,,,,
Alternate: Basic Iron Ingot,Iron Ingot,50,Foundry,16,Iron Ore,25,Limestone,40,,,,,,
Iron Ore (Limestone),Iron Ore,120,Converter,250,Reanimated SAM,10,Limestone,240,,,,,,
Iron Plate,Iron Plate,20,Constructor,4,Iron Ingot,30,,,,,,,,
Alternate: Steel Cast Plate,Iron Plate,45,Foundry,16,Iron Ingot,15,Steel Ingot,15,,,,,,
Alternate: Coated Iron Plate,Iron Plate,75,Assembler,15,Iron Ingot,37.5,Plastic,7.5,,,,,,
Iron Rebar,Iron Rebar,15,Constructor,4,Iron Rod,15,,,,,,,,
Iron Rod,Iron Rod,15,Constructor,4,Iron Ingot,15,,,,,,,,
Alternate: Steel Rod,Iron Rod,48,Constructor,4,Steel Ingot,12,,,,,,,,
Alternate: Aluminum Rod,Iron Rod,52.5,Constructor,4,Aluminum Ingot,7.5,,,,,,,,
Limestone (Sulfur),Limestone,120,Converter,250,Reanimated SAM,10,Sulfur,20,,,,,,
Magnetic Field Generator,Magnetic Field Generator,1,Assembler,15,Versatile Framework,2.5,Electromagnetic Control Rod,1,,,,,,
Modular Engine,Modular Engine,1,Manufacturer,55,Motor,2,Rubber,15,Smart Plating,2,,,,
Modular Frame,Modular Frame,2,Assembler,15,Reinforced Iron Plate,3,Iron Rod,12,,,,,,
Alternate: Steeled Frame,Modular Frame,3,Assembler,15,Reinforced Iron Plate,2,Steel Pipe,10,,,,,,
Alternate: Bolted Frame,Modular Frame,5,Assembler,15,Reinforced Iron Plate,7.5,Screw,140,,,,,,
Motor,Motor,5,Assembler,15,Rotor,10,Stator,10,,,,,,
Alternate: Rigor Motor,Motor,7.5,Manufacturer,55,Rotor,3.75,Stator,3.75,Crystal Oscillator,1.25,,,,
Alternate: Electric Motor,Motor,7.5,Assembler,15,Electromagnetic Control Rod,3.75,Rotor,7.5,,,,,,
Neural-Quantum Processor,Neural-Quantum Processor,3,Quantum Encoder,1000,Time Crystal,15,Supercomputer,3,Ficsite Trigon,45,Excited Photonic Matter,75,Dark Matter Residue,-75
Nitric Acid,Nitric Acid,30,Blender,75,Nitrogen Gas,120,Water,30,Iron Plate,10,,,,
Nitrogen Gas (Caterium),Nitrogen Gas,120,Converter,250,Reanimated SAM,10,Caterium Ore,120,,,,,,
Nitrogen Gas (Bauxite),Nitrogen Gas,120,Converter,250,Reanimated SAM,10,Bauxite,100,,,,,,
Nobelisk,Nobelisk,10,Assembler,15,Black Powder,20,Steel Pipe,20,,,,,,
Non-Fissile Uranium,Non-Fissile Uranium,50,Blender,75,Uranium Waste,37.5,Silica,25,Nitric Acid,15,Sulfuric Acid,15,Water,-15
Alternate: Fertile Uranium,Non-Fissile Uranium,100,Blender,75,Uranium,25,Uranium Waste,25,Nitric Acid,15,Sulfuric Acid,25,Water,-40
Nuclear Pasta,Nuclear Pasta,0.5,Particle Accelerator,1000,Copper Powder,100,Pressure Conversion Cube,0.5,,,,,,
Nuke Nobelisk,Nuke Nobelisk,0.5,Manufacturer,55,Nobelisk,2.5,Encased Uranium Cell,10,Smokeless Powder,5,AI Limiter,3,,
Packaged Alumina Solution,Packaged Alumina Solution,120,Packager,10,Alumina Solution,120,Empty Canister,120,,,,,,
Packaged Fuel,Packaged Fuel,40,Packager,10,Fuel,40,Empty Canister,40,,,,,,
Alternate: Diluted Packaged Fuel,Packaged Fuel,60,Refinery,30,Heavy Oil Residue,30,Packaged Water,60,,,,,,
Packaged Heavy Oil Residue,Packaged Heavy Oil Residue,30,Packager,10,Heavy Oil Residue,30,Empty Canister,30,,,,,,
Packaged Ionized Fuel,Packaged Ionized Fuel,40,Packager,10,Ionized Fuel,80,Empty Fluid Tank,40,,,,,,
Packaged Nitric Acid,Packaged Nitric Acid,30,Packager,10,Nitric Acid,30,Empty Fluid Tank,30,,,,,,
Packaged Nitrogen Gas,Packaged Nitrogen Gas,60,Packager,10,Nitrogen Gas,240,Empty Fluid Tank,60,,,,,,
Packaged Oil,Packaged Oil,30,Packager,10,Crude Oil,30,Empty Canister,30,,,,,,
Packaged Rocket Fuel,Packaged Rocket Fuel,60,Packager,10,Rocket Fuel,120,Empty Fluid Tank,60,,,,,,
Packaged Sulfuric Acid,Packaged Sulfuric Acid,40,Packager,10,Sulfuric Acid,40,Empty Canister,40,,,,,,
Packaged Turbofuel,Packaged Turbofuel,20,Packager,10,Turbofuel,20,Empty Canister,20,,,,,,
Packaged Water,Packaged Water,60,Packager,10,Water,60,Empty Canister,60,,,,,,
Petroleum Coke,Petroleum Coke,120,Refinery,30,Heavy Oil Residue,40,,,,,,,,
Residual Plastic,Plastic,20,Refinery,30,Polymer Resin,60,Water,20,,,,,,
Plastic,Plastic,20,Refinery,30,Crude Oil,30,Heavy Oil Residue,-10,,,,,,
Alternate: Recycled Plastic,Plastic,60,Refinery,30,Rubber,30,Fuel,30,,,,,,
Plutonium Fuel Rod,Plutonium Fuel Rod,0.25,Manufacturer,55,Encased Plutonium Cell,7.5,Steel Beam,4.5,Electromagnetic Control Rod,1.5,Heat Sink,2.5,,
Alternate: Plutonium Fuel Unit,Plutonium Fuel Rod,0.5,Assembler,15,Encased Plutonium Cell,10,Pressure Conversion Cube,0.5,,,,,,
Plutonium Pellet,Plutonium Pellet,30,Particle Accelerator,500,Non-Fissile Uranium,100,Uranium Waste,25,,,,,,
Plutonium Power,Plutonium Waste,1,Nuclear Power Plant,0,Plutonium Fuel Rod,0.1,Water,240,,,,,,
Alternate: Polymer Resin,Polymer Resin,130,Refinery,30,Crude Oil,60,Heavy Oil Residue,-20,,,,,,
Alternate: Automated Miner,Portable Miner,1,Assembler,15,Steel Pipe,4,Iron Plate,4,,,,,,
Synthetic Power Shard,Power Shard,5,Quantum Encoder,1000,Time Crystal,10,Dark Matter Crystal,10,Quartz Crystal,60,Excited Photonic Matter,60,Dark Matter Residue,-60
Pressure Conversion Cube,Pressure Conversion Cube,1,Assembler,15,Fused Modular Frame,1,Radio Control Unit,2,,,,,,
Pulse Nobelisk,Pulse Nobelisk,5,Assembler,15,Nobelisk,5,Crystal Oscillator,1,,,,,,
Quartz Crystal,Quartz Crystal,22.5,Constructor,4,Raw Quartz,37.5,,,,,,,,
Alternate: Quartz Purification,Quartz Crystal,75,Refinery,30,Raw Quartz,120,Nitric Acid,10,Dissolved Silica,-60,,,,
Fixup: dissolved silica,Dissolved Silica,60,Refinery,30,Raw Quartz,120,Nitric Acid,10,Quartz Crystal,-75,,,,
Alternate: Pure Quartz Crystal,Quartz Crystal,52.5,Refinery,30,Raw Quartz,67.5,Water,37.5,,,,,,
Alternate: Fused Quartz Crystal,Quartz Crystal,54,Foundry,16,Raw Quartz,75,Coal,36,,,,,,
Quickwire,Quickwire,60,Constructor,4,Caterium Ingot,12,,,,,,,,
Alternate: Fused Quickwire,Quickwire,90,Assembler,15,Caterium Ingot,7.5,Copper Ingot,37.5,,,,,,
Radio Control Unit,Radio Control Unit,2.5,Manufacturer,55,Aluminum Casing,40,Crystal Oscillator,1.25,Computer,2.5,,,,
Alternate: Radio Control System,Radio Control Unit,4.5,Manufacturer,55,Crystal Oscillator,1.5,Circuit Board,15,Aluminum Casing,90,Rubber,45,,
Alternate: Radio Connection Unit,Radio Control Unit,3.75,Manufacturer,55,Heat Sink,15,High-Speed Connector,7.5,Quartz Crystal,45,,,,
Raw Quartz (Coal),Raw Quartz,120,Converter,250,Reanimated SAM,10,Coal,240,,,,,,
Raw Quartz (Bauxite),Raw Quartz,120,Converter,250,Reanimated SAM,10,Bauxite,100,,,,,,
Reanimated SAM,Reanimated SAM,30,Constructor,4,SAM,120,,,,,,,,
Red FICSMAS Ornament,Red FICSMAS Ornament,5,Smelter,4,FICSMAS Gift,5,,,,,,,,
Reinforced Iron Plate,Reinforced Iron Plate,5,Assembler,15,Iron Plate,30,Screw,60,,,,,,
Alternate: Stitched Iron Plate,Reinforced Iron Plate,5.625,Assembler,15,Iron Plate,18.75,Wire,37.5,,,,,,
Alternate: Bolted Iron Plate,Reinforced Iron Plate,15,Assembler,15,Iron Plate,90,Screw,250,,,,,,
Alternate: Adhered Iron Plate,Reinforced Iron Plate,3.75,Assembler,15,Iron Plate,11.25,Rubber,3.75,,,,,,
Rifle Ammo,Rifle Ammo,75,Assembler,15,Copper Sheet,15,Smokeless Powder,10,,,,,,
Rocket Fuel,Rocket Fuel,100,Blender,75,Turbofuel,60,Nitric Acid,10,Compacted Coal,-10,,,,
Alternate: Nitro Rocket Fuel,Rocket Fuel,150,Blender,75,Fuel,100,Nitrogen Gas,75,Sulfur,100,Coal,50,Compacted Coal,-25
Rotor,Rotor,4,Assembler,15,Iron Rod,20,Screw,100,,,,,,
Alternate: Steel Rotor,Rotor,5,Assembler,15,Steel Pipe,10,Wire,30,,,,,,
Alternate: Copper Rotor,Rotor,11.25,Assembler,15,Copper Sheet,22.5,Screw,195,,,,,,
Rubber,Rubber,20,Refinery,30,Crude Oil,30,Heavy Oil Residue,-20,,,,,,
Residual Rubber,Rubber,20,Refinery,30,Polymer Resin,40,Water,40,,,,,,
Alternate: Recycled Rubber,Rubber,60,Refinery,30,Plastic,30,Fuel,30,,,,,,
SAM Fluctuator,SAM Fluctuator,10,Manufacturer,55,Reanimated SAM,60,Wire,50,Steel Pipe,30,,,,
Screw,Screw,40,Constructor,4,Iron Rod,10,,,,,,,,
Alternate: Steel Screw,Screw,260,Constructor,4,Steel Beam,5,,,,,,,,
Alternate: Cast Screw,Screw,50,Constructor,4,Iron Ingot,12.5,,,,,,,,
Shatter Rebar,Shatter Rebar,5,Assembler,15,Iron Rebar,10,Quartz Crystal,15,,,,,,
Silica,Silica,37.5,Constructor,4,Raw Quartz,22.5,,,,,,,,
Alternate: Distilled Silica,Silica,270,Blender,75,Dissolved Silica,120,Limestone,50,Water,100,Water,-80,,
Alternate: Cheap Silica,Silica,52.5,Assembler,15,Raw Quartz,22.5,Limestone,37.5,,,,,,
Singularity Cell,Singularity Cell,10,Manufacturer,55,Nuclear Pasta,1,Dark Matter Crystal,20,Iron Plate,100,Concrete,200,,
Smart Plating,Smart Plating,2,Assembler,15,Reinforced Iron Plate,2,Rotor,2,,,,,,
Alternate: Plastic Smart Plating,Smart Plating,5,Manufacturer,55,Reinforced Iron Plate,2.5,Rotor,2.5,Plastic,7.5,,,,
Smokeless Powder,Smokeless Powder,20,Refinery,30,Black Powder,20,Heavy Oil Residue,10,,,,,,
Snowball,Snowball,5,Constructor,4,Actual Snow,15,,,,,,,,
Sparkly Fireworks,Sparkly Fireworks,2.5,Assembler,15,FICSMAS Tree Branch,7.5,Actual Snow,5,,,,,,
Stator,Stator,5,Assembler,15,Steel Pipe,15,Wire,40,,,,,,
Alternate: Quickwire Stator,Stator,8,Assembler,15,Steel Pipe,16,Quickwire,60,,,,,,
Steel Beam,Steel Beam,15,Constructor,4,Steel Ingot,60,,,,,,,,
Alternate: Molded Beam,Steel Beam,45,Foundry,16,Steel Ingot,120,Concrete,80,,,,,,
Alternate: Aluminum Beam,Steel Beam,22.5,Constructor,4,Aluminum Ingot,22.5,,,,,,,,
Steel Ingot,Steel Ingot,45,Foundry,16,Iron Ore,45,Coal,45,,,,,,
Alternate: Solid Steel Ingot,Steel Ingot,60,Foundry,16,Iron Ingot,40,Coal,40,,,,,,
Alternate: Compacted Steel Ingot,Steel Ingot,10,Foundry,16,Iron Ore,5,Compacted Coal,2.5,,,,,,
Alternate: Coke Steel Ingot,Steel Ingot,100,Foundry,16,Iron Ore,75,Petroleum Coke,75,,,,,,
Steel Pipe,Steel Pipe,20,Constructor,4,Steel Ingot,30,,,,,,,,
Alternate: Molded Steel Pipe,Steel Pipe,50,Foundry,16,Steel Ingot,50,Concrete,30,,,,,,
Alternate: Iron Pipe,Steel Pipe,25,Constructor,4,Iron Ingot,100,,,,,,,,
Stun Rebar,Stun Rebar,10,Assembler,15,Iron Rebar,10,Quickwire,50,,,,,,
Sulfur (Iron),Sulfur,120,Converter,250,Reanimated SAM,10,Iron Ore,300,,,,,,
Sulfur (Coal),Sulfur,120,Converter,250,Reanimated SAM,10,Coal,200,,,,,,
Sulfuric Acid,Sulfuric Acid,50,Refinery,30,Sulfur,50,Water,50,,,,,,
Supercomputer,Supercomputer,1.875,Manufacturer,55,Computer,7.5,AI Limiter,3.75,High-Speed Connector,5.625,Plastic,52.5,,
Alternate: Super-State Computer,Supercomputer,2.4,Manufacturer,55,Computer,7.2,Electromagnetic Control Rod,2.4,Battery,24,Wire,60,,
Alternate: OC Supercomputer,Supercomputer,3,Assembler,15,Radio Control Unit,6,Cooling System,6,,,,,,
Superposition Oscillator,Superposition Oscillator,5,Quantum Encoder,1000,Dark Matter Crystal,30,Crystal Oscillator,5,Alclad Aluminum Sheet,45,Excited Photonic Matter,125,Dark Matter Residue,-125
Sweet Fireworks,Sweet Fireworks,2.5,Assembler,15,FICSMAS Tree Branch,15,Candy Cane,7.5,,,,,,
Thermal Propulsion Rocket,Thermal Propulsion Rocket,1,Manufacturer,55,Modular Engine,2.5,Turbo Motor,1,Cooling System,3,Fused Modular Frame,1,,
Time Crystal,Time Crystal,6,Converter,250,Diamonds,12,,,,,,,,
Turbo Motor,Turbo Motor,1.875,Manufacturer,55,Cooling System,7.5,Radio Control Unit,3.75,Motor,7.5,Rubber,45,,
Alternate: Turbo Pressure Motor,Turbo Motor,3.75,Manufacturer,55,Motor,7.5,Pressure Conversion Cube,1.875,Packaged Nitrogen Gas,45,Stator,15,,
Alternate: Turbo Electric Motor,Turbo Motor,2.8125,Manufacturer,55,Motor,6.5625,Radio Control Unit,8.4375,Electromagnetic Control Rod,4.6875,Rotor,6.5625,,
Turbo Rifle Ammo,Turbo Rifle Ammo,250,Manufacturer,55,Rifle Ammo,125,Aluminum Casing,15,Packaged Turbofuel,15,,,,
Turbo Rifle Ammo,Turbo Rifle Ammo,250,Blender,75,Rifle Ammo,125,Aluminum Casing,15,Turbofuel,15,,,,
Turbofuel,Turbofuel,18.75,Refinery,30,Fuel,22.5,Compacted Coal,15,,,,,,
Alternate: Turbo Heavy Fuel,Turbofuel,30,Refinery,30,Heavy Oil Residue,37.5,Compacted Coal,30,,,,,,
Alternate: Turbo Blend Fuel,Turbofuel,45,Blender,75,Fuel,15,Heavy Oil Residue,30,Sulfur,22.5,Petroleum Coke,22.5,,
Uranium Ore (Bauxite),Uranium,120,Converter,250,Reanimated SAM,10,Bauxite,480,,,,,,
Uranium Fuel Rod,Uranium Fuel Rod,0.4,Manufacturer,55,Encased Uranium Cell,20,Encased Industrial Beam,1.2,Electromagnetic Control Rod,2,,,,
Alternate: Uranium Fuel Unit,Uranium Fuel Rod,0.6,Manufacturer,55,Encased Uranium Cell,20,Electromagnetic Control Rod,2,Crystal Oscillator,0.6,Rotor,2,,
Uranium Power,Uranium Waste,10,Nuclear Power Plant,0,Uranium Fuel Rod,0.2,Water,240,,,,,,
Versatile Framework,Versatile Framework,5,Assembler,15,Modular Frame,2.5,Steel Beam,30,,,,,,
Alternate: Flexible Framework,Versatile Framework,7.5,Manufacturer,55,Modular Frame,3.75,Steel Beam,22.5,Rubber,30,,,,
Wire,Wire,30,Constructor,4,Copper Ingot,15,,,,,,,,
Alternate: Iron Wire,Wire,22.5,Constructor,4,Iron Ingot,12.5,,,,,,,,
Alternate: Fused Wire,Wire,90,Assembler,15,Copper Ingot,12,Caterium Ingot,3,,,,,,
Alternate: Caterium Wire,Wire,120,Constructor,4,Caterium Ingot,15,,,,,,,,
